[
    {
        "counts": 52,
        "title": "이슈"
    },
    {
        "counts": 34,
        "title": "프로젝트"
    },
    {
        "counts": 25,
        "title": "솔루션"
    },
    {
        "counts": 24,
        "title": "공개"
    },
    {
        "counts": 24,
        "title": "이재용"
    },
    {
        "counts": 24,
        "title": "지배구조"
    },
    {
        "counts": 23,
        "title": "현대차"
    },
    {
        "counts": 21,
        "title": "지속"
    },
    {
        "counts": 19,
        "title": "개선"
    },
    {
        "counts": 19,
        "title": "미래"
    },
    {
        "counts": 18,
        "title": "논란"
    },
    {
        "counts": 18,
        "title": "상승"
    },
    {
        "counts": 18,
        "title": "삼성"
    },
    {
        "counts": 17,
        "title": "아이디어"
    },
    {
        "counts": 17,
        "title": "청년"
    },
    {
        "counts": 17,
        "title": "주택"
    },
    {
        "counts": 16,
        "title": "재판"
    },
    {
        "counts": 15,
        "title": "금융"
    },
    {
        "counts": 15,
        "title": "금리"
    },
    {
        "counts": 14,
        "title": "투자"
    },
    {
        "counts": 13,
        "title": "부산시"
    },
    {
        "counts": 13,
        "title": "도시"
    },
    {
        "counts": 12,
        "title": "마감"
    },
    {
        "counts": 12,
        "title": "인상"
    },
    {
        "counts": 12,
        "title": "옐런"
    },
    {
        "counts": 12,
        "title": "박형준"
    },
    {
        "counts": 11,
        "title": "증언"
    },
    {
        "counts": 11,
        "title": "채권"
    },
    {
        "counts": 11,
        "title": "시장"
    },
    {
        "counts": 11,
        "title": "학교"
    },
    {
        "counts": 11,
        "title": "증권"
    },
    {
        "counts": 11,
        "title": "계속"
    },
    {
        "counts": 10,
        "title": "지원"
    },
    {
        "counts": 10,
        "title": "영화"
    },
    {
        "counts": 10,
        "title": "자문"
    },
    {
        "counts": 10,
        "title": "온라인"
    },
    {
        "counts": 10,
        "title": "모바일"
    },
    {
        "counts": 10,
        "title": "개최"
    }
]